<?xml version="1.0" encoding="UTF-8"?>

<mule xmlns:tracking="http://www.mulesoft.org/schema/mule/ee/tracking" xmlns:db="http://www.mulesoft.org/schema/mule/db"
	xmlns:dw="http://www.mulesoft.org/schema/mule/ee/dw"
	xmlns="http://www.mulesoft.org/schema/mule/core" xmlns:doc="http://www.mulesoft.org/schema/mule/documentation"
	xmlns:spring="http://www.springframework.org/schema/beans" 
	xmlns:xsi="http://www.w3.org/2001/XMLSchema-instance"
	xsi:schemaLocation="http://www.mulesoft.org/schema/mule/db http://www.mulesoft.org/schema/mule/db/current/mule-db.xsd
http://www.mulesoft.org/schema/mule/ee/dw http://www.mulesoft.org/schema/mule/ee/dw/current/dw.xsd
http://www.springframework.org/schema/beans http://www.springframework.org/schema/beans/spring-beans-current.xsd
http://www.mulesoft.org/schema/mule/core http://www.mulesoft.org/schema/mule/core/current/mule.xsd
http://www.mulesoft.org/schema/mule/ee/tracking http://www.mulesoft.org/schema/mule/ee/tracking/current/mule-tracking-ee.xsd">
    <flow name="getCustomersFlow">
        <set-variable variableName="CustomerID" value="#[message.inboundProperties.'http.query.params'.customerID==empty ?'ALL':message.inboundProperties.'http.query.params'.customerID]" doc:name="Set_CustomerIDVariable"/>
        <flow-ref name="SetCustomerByIDFlow" doc:name="SetCustomerByIDFlow"/>
        <logger level="INFO" doc:name="Logger"/>
    </flow>
    <flow name="getCustomerByIDFlow">
        <set-variable variableName="CustomerID" value="#[message.inboundProperties.'http.uri.params'.CustomerID]" doc:name="Set_CustomerIDVariable"/>
        <flow-ref name="SetCustomerByIDFlow" doc:name="SetCustomerByIDFlow"/>
        <logger level="INFO" doc:name="Logger"/>
    </flow>
    <flow name="postCustomerFlow">
        <set-property propertyName="Content-Type" value="application/json" doc:name="SetProperty"/>
        <set-payload value="{&quot;message&quot;:&quot;Customer details added (but not really)&quot;}" doc:name="Set Payload"/>
        <logger level="INFO" doc:name="Logger"/>
    </flow>
    <flow name="deleteCustomerByIDFlow">
        <set-payload value="{&quot;message&quot;:&quot;Customer details deleted(but not really)&quot;}" doc:name="Set Payload"/>
        <logger level="INFO" doc:name="Logger"/>
    </flow>
    <flow name="putCustomerFlow">
        <set-payload value="{
&quot;message&quot; : &quot;Customer updated (but not really)&quot;
}" doc:name="Set Payload"/>
        <logger level="INFO" doc:name="Logger"/>
    </flow>
    <flow name="SetCustomerByIDFlow">
        <choice doc:name="Choice">
            <when expression="#[flowVars.CustomerID == &quot;1&quot;]">
                <set-payload value="[
{
&quot;CustomerID&quot; : 1,
&quot;FirstName&quot; : &quot;John&quot;,
&quot;LastName&quot; : &quot;Nelson&quot;,
&quot;Address&quot; : {
&quot;AddressLine1&quot; : &quot;Unit No 18-22&quot;,
&quot;AddressLine2&quot; : &quot;Beresford Road&quot;,
&quot;Suburb&quot; : &quot;Seven Hills&quot;,
&quot;State&quot; : &quot;NSW&quot;
}
}
]" doc:name="Set Payload_CustomerID1"/>
            </when>
            <when expression="#[flowVars.CustomerID==&quot;2&quot;]">
                <set-payload value="[
{
&quot;CustomerID&quot; : 2,
&quot;FirstName&quot; : &quot;David&quot;,
&quot;LastName&quot; : &quot;Tupper&quot;,
&quot;Address&quot; : {
&quot;AddressLine1&quot; : &quot;Unit No 1-4&quot;,
&quot;AddressLine2&quot; : &quot;The Crescent&quot;,
&quot;Suburb&quot; : &quot;North Sydney&quot;,
&quot;State&quot; : &quot;NSW&quot;
}
}
]" doc:name="SetPayload_CustomerID2"/>
            </when>
            <when expression="#[flowVars.CustomerID==&quot;ALL&quot;]">
                <set-payload value="[
{
&quot;CustomerID&quot; : 1,
&quot;FirstName&quot; : &quot;John&quot;,
&quot;LastName&quot; : &quot;Nelson&quot;,
&quot;Address&quot; : {
&quot;AddressLine1&quot; : &quot;Unit No 18-22&quot;,
&quot;AddressLine2&quot; : &quot;Beresford Road&quot;,
&quot;Suburb&quot; : &quot;Seven Hills&quot;,
&quot;State&quot; : &quot;NSW&quot;
}
},
{
&quot;CustomerID&quot; : 2,
&quot;FirstName&quot; : &quot;David&quot;,
&quot;LastName&quot; : &quot;Tupper&quot;,
&quot;Address&quot; : {
&quot;AddressLine1&quot; : &quot;Unit No 1-4&quot;,
&quot;AddressLine2&quot; : &quot;The Crescent&quot;,
&quot;Suburb&quot; : &quot;North Sydney&quot;,
&quot;State&quot; : &quot;NSW&quot;
}
}
]" doc:name="Set Payload_All Customer"/>
            </when>
            <otherwise>
                <set-payload value="{
&quot;message&quot; : &quot;Customer details doesn't exist.&quot;
}" doc:name="SetPayload_DefultMessage"/>
            </otherwise>
        </choice>
        <logger level="INFO" doc:name="Logger"/>
    </flow>
</mule>
