<?xml version="1.0" encoding="UTF-8"?>
<mule xmlns:context="http://www.springframework.org/schema/context" xmlns:doc="http://www.mulesoft.org/schema/mule/documentation" xmlns="http://www.mulesoft.org/schema/mule/core" xmlns:apikit="http://www.mulesoft.org/schema/mule/apikit" xmlns:http="http://www.mulesoft.org/schema/mule/http" xmlns:spring="http://www.springframework.org/schema/beans" xmlns:xsi="http://www.w3.org/2001/XMLSchema-instance" xsi:schemaLocation="http://www.mulesoft.org/schema/mule/core http://www.mulesoft.org/schema/mule/core/current/mule.xsd
http://www.mulesoft.org/schema/mule/http http://www.mulesoft.org/schema/mule/http/current/mule-http.xsd
http://www.mulesoft.org/schema/mule/apikit http://www.mulesoft.org/schema/mule/apikit/current/mule-apikit.xsd
http://www.springframework.org/schema/beans http://www.springframework.org/schema/beans/spring-beans-3.1.xsd
http://www.springframework.org/schema/context http://www.springframework.org/schema/context/spring-context-current.xsd">
    <http:listener-config name="deloitte-customer-api-httpListenerConfig" host="0.0.0.0" port="${http.port}" doc:name="HTTP Listener Configuration"/>
    <apikit:config name="deloitte-customer-api-config" raml="deloitte-customer-api.raml" consoleEnabled="false" doc:name="Router"/>
    <context:property-placeholder location="deloittecustomer-${env}.properties"/>
    <flow name="deloitte-customer-api-main">
        <http:listener config-ref="deloitte-customer-api-httpListenerConfig" path="api/*" doc:name="HTTP"/>
        <apikit:router config-ref="deloitte-customer-api-config" doc:name="APIkit Router"/>
        <exception-strategy ref="deloitte-customer-api-apiKitGlobalExceptionMapping" doc:name="Reference Exception Strategy"/>
    </flow>
    <flow name="deloitte-customer-api-console">
        <http:listener config-ref="deloitte-customer-api-httpListenerConfig" path="/console/*" doc:name="HTTP"/>
        <apikit:console config-ref="deloitte-customer-api-config" doc:name="APIkit Console"/>
    </flow>
    <flow name="put:/customers/{CustomerID}:application/json:deloitte-customer-api-config">
        <flow-ref name="putCustomerFlow" doc:name="putCustomerFlow"/>

    </flow>
    <flow name="delete:/customers/{CustomerID}:deloitte-customer-api-config">
        <flow-ref name="deleteCustomerByIDFlow" doc:name="deleteCustomerByIDFlow"/>

    </flow>
    <flow name="get:/customers:deloitte-customer-api-config">
        <flow-ref name="getCustomersFlow" doc:name="getCustomersFlow"/>

    </flow>
    <flow name="get:/customers/{CustomerID}:deloitte-customer-api-config">
        <flow-ref name="getCustomerByIDFlow" doc:name="getCustomerByIDFlow"/>

    </flow>
    <flow name="post:/customers:application/json:deloitte-customer-api-config">
        <flow-ref name="postCustomerFlow" doc:name="postCustomerFlow"/>

    </flow>
    <apikit:mapping-exception-strategy name="deloitte-customer-api-apiKitGlobalExceptionMapping">
        <apikit:mapping statusCode="404">
            <apikit:exception value="org.mule.module.apikit.exception.NotFoundException" />
            <set-property propertyName="Content-Type" value="application/json" doc:name="Property"/>
            <set-payload value="{ &quot;message&quot;: &quot;Resource not found&quot; }" doc:name="Set Payload"/>
        </apikit:mapping>
        <apikit:mapping statusCode="405">
            <apikit:exception value="org.mule.module.apikit.exception.MethodNotAllowedException" />
            <set-property propertyName="Content-Type" value="application/json" doc:name="Property"/>
            <set-payload value="{ &quot;message&quot;: &quot;Method not allowed&quot; }" doc:name="Set Payload"/>
        </apikit:mapping>
        <apikit:mapping statusCode="415">
            <apikit:exception value="org.mule.module.apikit.exception.UnsupportedMediaTypeException" />
            <set-property propertyName="Content-Type" value="application/json" doc:name="Property"/>
            <set-payload value="{ &quot;message&quot;: &quot;Unsupported media type&quot; }" doc:name="Set Payload"/>
        </apikit:mapping>
        <apikit:mapping statusCode="406">
            <apikit:exception value="org.mule.module.apikit.exception.NotAcceptableException" />
            <set-property propertyName="Content-Type" value="application/json" doc:name="Property"/>
            <set-payload value="{ &quot;message&quot;: &quot;Not acceptable&quot; }" doc:name="Set Payload"/>
        </apikit:mapping>
        <apikit:mapping statusCode="400">
            <apikit:exception value="org.mule.module.apikit.exception.BadRequestException" />
            <set-property propertyName="Content-Type" value="application/json" doc:name="Property"/>
            <set-payload value="{ &quot;message&quot;: &quot;Bad request&quot; }" doc:name="Set Payload"/>
        </apikit:mapping>
    </apikit:mapping-exception-strategy>
</mule>
